"Hakai_ID_alt","Sample_date","Line_out_depth","Sample_volume_ml","Hakai_ID"
"QMIC1755","2016/05/30 00:00:00","0",2000,"QMIC1755"
"QMIC1756","2016/05/30 00:00:00","5",2000,"QMIC1756"
"QMIC1757","2016/05/30 00:00:00","30",2000,"QMIC1757"
"QMIC1758","2016/05/30 00:00:00","100",2000,"QMIC1758"
"QMIC1759","2016/05/30 00:00:00","260",2000,"QMIC1759"
"QMIC1765","2016/06/09 00:00:00","0",2000,"QMIC1765"
"QMIC1766","2016/06/09 00:00:00","5",1775,"QMIC1766"
"QMIC1767","2016/06/09 00:00:00","30",2000,"QMIC1767"
"QMIC1769","2016/06/09 00:00:00","260",2000,"QMIC1769"
"QMIC1775","2016/06/20 00:00:00","0",1700,"QMIC1775"
"QMIC1776","2016/06/20 00:00:00","5",1800,"QMIC1776"
"QMIC1777","2016/06/20 00:00:00","30",2000,"QMIC1777"
"QMIC1778","2016/06/20 00:00:00","100",2000,"QMIC1778"
"QMIC1779","2016/06/20 00:00:00","260",2000,"QMIC1779"
"QMIC1785","2016/06/30 00:00:00","0",2000,"QMIC1785"
"QMIC1786","2016/06/30 00:00:00","5",1600,"QMIC1786"
"QMIC1787","2016/06/30 00:00:00","30",2000,"QMIC1787"
"QMIC1788","2016/06/30 00:00:00","100",2000,"QMIC1788"
"QMIC1789","2016/06/30 00:00:00","260",2000,"QMIC1789"
"QMIC1797","2016/07/11 00:00:00","30",2000,"QMIC1797"
"QMIC1798","2016/07/11 00:00:00","100",2000,"QMIC1798"
"QMIC1799","2016/07/11 00:00:00","260",2000,"QMIC1799"
"QMIC1805","2016/07/21 00:00:00","0",2000,"QMIC1805"
"QMIC1806","2016/07/21 00:00:00","5",2000,"QMIC1806"
"QMIC1807","2016/07/21 00:00:00","30",2000,"QMIC1807"
"QMIC1808","2016/07/21 00:00:00","100",2000,"QMIC1808"
"QMIC1809","2016/07/21 00:00:00","260",2000,"QMIC1809"
"QMIC1815","2016/08/01 00:00:00","0",2000,"QMIC1815"
"QMIC1816","2016/08/01 00:00:00","5",2000,"QMIC1816"
"QMIC1817","2016/08/01 00:00:00","30",2000,"QMIC1817"
"QMIC1818","2016/08/01 00:00:00","100",2000,"QMIC1818"
"QMIC1819","2016/08/01 00:00:00","260",2000,"QMIC1819"
"QMIC1825","2016/08/11 00:00:00","0",2000,"QMIC1825"
"QMIC1826","2016/08/11 00:00:00","5",2000,"QMIC1826"
"QMIC1827","2016/08/11 00:00:00","30",2000,"QMIC1827"
"QMIC1828","2016/08/11 00:00:00","100",2000,"QMIC1828"
"QMIC1829","2016/08/11 00:00:00","260",2000,"QMIC1829"
"QMIC1835","2016/08/22 00:00:00","0",2000,"QMIC1835"
"QMIC1836","2016/08/22 00:00:00","5",2000,"QMIC1836"
"QMIC1837","2016/08/22 00:00:00","30",2000,"QMIC1837"
"QMIC1838","2016/08/22 00:00:00","100",2000,"QMIC1838"
"QMIC1839","2016/08/22 00:00:00","260",2000,"QMIC1839"
"QMIC1845","2016/09/01 00:00:00","0",2000,"QMIC1845"
"QMIC1846","2016/09/01 00:00:00","5",2000,"QMIC1846"
"QMIC1847","2016/09/01 00:00:00","30",2000,"QMIC1847"
"QMIC1848","2016/09/01 00:00:00","100",2000,"QMIC1848"
"QMIC1849","2016/09/01 00:00:00","260",2000,"QMIC1849"
"QMIC1855","2016/09/22 00:00:00","0",1850,"QMIC1855"
"QMIC1856","2016/09/22 00:00:00","5",1800,"QMIC1856"
"QMIC1857","2016/09/22 00:00:00","30",2000,"QMIC1857"
"QMIC1858","2016/09/22 00:00:00","100",2000,"QMIC1858"
"QMIC1859","2016/09/22 00:00:00","260",2000,"QMIC1859"
"QMIC1865","2016/09/11 00:00:00","0",1850,"QMIC1865"
"QMIC1866","2016/09/11 00:00:00","5",2000,"QMIC1866"
"QMIC1867","2016/09/11 00:00:00","30",2000,"QMIC1867"
"QMIC1868","2016/09/11 00:00:00","100",2000,"QMIC1868"
"QMIC1869","2016/09/11 00:00:00","260",2000,"QMIC1869"
"QMIC1875","2016/10/02 00:00:00","0",1950,"QMIC1875"
"QMIC1876","2016/10/02 00:00:00","5",1850,"QMIC1876"
"QMIC1877","2016/10/02 00:00:00","30",2000,"QMIC1877"
"QMIC1878","2016/10/02 00:00:00","100",2000,"QMIC1878"
"QMIC1879","2016/10/02 00:00:00","260",1550,"QMIC1879"
"QMIC1886","2016/10/22 00:00:00","5",2000,"QMIC1886"
"QMIC1887","2016/10/22 00:00:00","30",2000,"QMIC1887"
"QMIC1888","2016/10/22 00:00:00","100",2000,"QMIC1888"
"QMIC1889","2016/10/22 00:00:00","260",2000,"QMIC1889"
"QMIC1899","2016/10/12 00:00:00","0",2000,"QMIC1899"
"QMIC1900","2016/10/12 00:00:00","5",2000,"QMIC1900"
"QMIC1901","2016/10/12 00:00:00","30",2000,"QMIC1901"
"QMIC1902","2016/10/12 00:00:00","100",2000,"QMIC1902"
"QMIC1903","2016/10/12 00:00:00","260",2000,"QMIC1903"
"QMIC1905","2016/11/09 00:00:00","0",2000,"QMIC1905"
"QMIC1906","2016/11/09 00:00:00","5",2000,"QMIC1906"
"QMIC1907","2016/11/09 00:00:00","30",2000,"QMIC1907"
"QMIC1908","2016/11/09 00:00:00","100",2000,"QMIC1908"
"QMIC1909","2016/11/09 00:00:00","260",2000,"QMIC1909"
"QMIC1915","2016/11/15 00:00:00","0",2000,"QMIC1915"
"QMIC1916","2016/11/15 00:00:00","5",2000,"QMIC1916"
"QMIC1917","2016/11/15 00:00:00","30",2000,"QMIC1917"
"QMIC1918","2016/11/15 00:00:00","100",2000,"QMIC1918"
"QMIC1919","2016/11/15 00:00:00","260",2000,"QMIC1919"
"QMIC1925","2016/11/26 00:00:00","0",2000,"QMIC1925"
"QMIC1926","2016/11/26 00:00:00","5",2000,"QMIC1926"
"QMIC1927","2016/11/26 00:00:00","30",2000,"QMIC1927"
"QMIC1928","2016/11/26 00:00:00","100",2000,"QMIC1928"
"QMIC1929","2016/11/26 00:00:00","260",2000,"QMIC1929"
"QMIC1935","2016/12/03 00:00:00","0",2000,"QMIC1935"
"QMIC1936","2016/12/03 00:00:00","5",2000,"QMIC1936"
"QMIC1937","2016/12/03 00:00:00","30",2000,"QMIC1937"
"QMIC1939","2016/12/03 00:00:00","260",2000,"QMIC1939"
"QMIC1941","2016/12/15 00:00:00","265",2000,"QMIC1941"
"QMIC1943","2016/12/15 00:00:00","0",1000,"QMIC1943"
"QMIC1945","2016/12/15 00:00:00","5",2000,"QMIC1945"
"QMIC1947","2016/12/15 00:00:00","30",2000,"QMIC1947"
"QMIC1949","2016/12/15 00:00:00","100",2000,"QMIC1949"
"QMIC1955","2017/01/08 00:00:00","0",2000,"QMIC1955"
"QMIC1956","2017/01/08 00:00:00","5",1900,"QMIC1956"
"QMIC1957","2017/01/08 00:00:00","30",2000,"QMIC1957"
"QMIC1958","2017/01/08 00:00:00","100",2000,"QMIC1958"
"QMIC1959","2017/01/08 00:00:00","260",2000,"QMIC1959"
"QMIC1965","2017/01/15 00:00:00","0",2000,"QMIC1965"
"QMIC1966","2017/01/15 00:00:00","5",2000,"QMIC1966"
"QMIC1967","2017/01/15 00:00:00","30",1900,"QMIC1967"
"QMIC1968","2017/01/15 00:00:00","100",2000,"QMIC1968"
"QMIC1969","2017/01/15 00:00:00","260",2000,"QMIC1969"
"QMIC1975","2017/01/26 00:00:00","0",2000,"QMIC1975"
"QMIC1976","2017/01/26 00:00:00","5",1700,"QMIC1976"
"QMIC1977","2017/01/26 00:00:00","30",2000,"QMIC1977"
"QMIC1978","2017/01/26 00:00:00","100",2000,"QMIC1978"
"QMIC1979","2017/01/26 00:00:00","260",2000,"QMIC1979"
"QMIC1985","2017/02/17 00:00:00","0",2000,"QMIC1985"
"QMIC1986","2017/02/17 00:00:00","5",2000,"QMIC1986"
"QMIC1987","2017/02/17 00:00:00","30",2000,"QMIC1987"
"QMIC1988","2017/02/17 00:00:00","100",2000,"QMIC1988"
"QMIC1989","2017/02/17 00:00:00","260",2000,"QMIC1989"
"QMIC1995","2017/02/25 00:00:00","0",2000,"QMIC1995"
"QMIC1996","2017/02/25 00:00:00","5",2000,"QMIC1996"
"QMIC1997","2017/02/25 00:00:00","30",2000,"QMIC1997"
"QMIC1998","2017/02/25 00:00:00","100",2000,"QMIC1998"
"QMIC1999","2017/02/25 00:00:00","260",2000,"QMIC1999"
"QMIC2005","2017/03/15 00:00:00","0",2000,"QMIC2005"
"QMIC2006","2017/03/15 00:00:00","5",2000,"QMIC2006"
"QMIC2007","2017/03/15 00:00:00","30",1950,"QMIC2007"
"QMIC2008","2017/03/15 00:00:00","100",2000,"QMIC2008"
"QMIC2009","2017/03/15 00:00:00","260",2000,"QMIC2009"
"QMIC2015","2017/03/30 00:00:00","0",2000,"QMIC2015"
"QMIC2016","2017/03/30 00:00:00","5",2000,"QMIC2016"
"QMIC2017","2017/03/30 00:00:00","30",2000,"QMIC2017"
"QMIC2018","2017/03/30 00:00:00","100",2000,"QMIC2018"
"QMIC2019","2017/03/30 00:00:00","260",2000,"QMIC2019"
"QMIC2025","2017/04/07 00:00:00","0",2000,"QMIC2025"
"QMIC2026","2017/04/07 00:00:00","5",2000,"QMIC2026"
"QMIC2027","2017/04/07 00:00:00","30",2000,"QMIC2027"
"QMIC2028","2017/04/07 00:00:00","100",2000,"QMIC2028"
"QMIC2029","2017/04/07 00:00:00","260",2000,"QMIC2029"
"QMIC2035","2017/04/11 00:00:00","0",2000,"QMIC2035"
"QMIC2036","2017/04/11 00:00:00","5",2000,"QMIC2036"
"QMIC2037","2017/04/11 00:00:00","30",2000,"QMIC2037"
"QMIC2038","2017/04/11 00:00:00","100",2000,"QMIC2038"
"QMIC2039","2017/04/11 00:00:00","260",2000,"QMIC2039"
"QMIC2045","2017/04/20 00:00:00","0",2000,"QMIC2045"
"QMIC2046","2017/04/20 00:00:00","5",2000,"QMIC2046"
"QMIC2047","2017/04/20 00:00:00","30",2000,"QMIC2047"
"QMIC2048","2017/04/20 00:00:00","100",2000,"QMIC2048"
"QMIC2049","2017/04/20 00:00:00","260",2000,"QMIC2049"
"QMIC2055","2017/04/24 00:00:00","0",2000,"QMIC2055"
"QMIC2056","2017/04/24 00:00:00","5",2000,"QMIC2056"
"QMIC2057","2017/04/24 00:00:00","30",2000,"QMIC2057"
"QMIC2058","2017/04/24 00:00:00","100",2000,"QMIC2058"
"QMIC2059","2017/04/24 00:00:00","260",2000,"QMIC2059"
"QMIC2065","2017/05/02 00:00:00","0",2000,"QMIC2065"
"QMIC2066","2017/05/02 00:00:00","5",2000,"QMIC2066"
"QMIC2067","2017/05/02 00:00:00","30",2000,"QMIC2067"
"QMIC2068","2017/05/02 00:00:00","100",2000,"QMIC2068"
"QMIC2069","2017/05/02 00:00:00","260",2000,"QMIC2069"
"QMIC2075","2017/05/08 00:00:00","0",2000,"QMIC2075"
"QMIC2076","2017/05/08 00:00:00","5",2000,"QMIC2076"
"QMIC2077","2017/05/08 00:00:00","30",2000,"QMIC2077"
"QMIC2078","2017/05/08 00:00:00","100",2000,"QMIC2078"
"QMIC2079","2017/05/08 00:00:00","260",2000,"QMIC2079"
"QMIC2085","2017/05/17 00:00:00","0",2000,"QMIC2085"
"QMIC2086","2017/05/17 00:00:00","5",2000,"QMIC2086"
"QMIC2087","2017/05/17 00:00:00","30",2000,"QMIC2087"
"QMIC2088","2017/05/17 00:00:00","100",1900,"QMIC2088"
"QMIC2089","2017/05/17 00:00:00","260",2000,"QMIC2089"
"QMIC2095","2017/05/29 00:00:00","0",2000,"QMIC2095"
"QMIC2096","2017/05/29 00:00:00","5",2000,"QMIC2096"
"QMIC2097","2017/05/29 00:00:00","30",1900,"QMIC2097"
"QMIC2098","2017/05/29 00:00:00","100",2000,"QMIC2098"
"QMIC2099","2017/05/29 00:00:00","260",2000,"QMIC2099"
"QMIC2102","2017/06/05 00:00:00","30",2000,"QMIC2102"
"QMIC2105","2017/06/05 00:00:00","0",2000,"QMIC2105"
"QMIC2106","2017/06/05 00:00:00","5",2000,"QMIC2106"
"QMIC2108","2017/06/05 00:00:00","100",1900,"QMIC2108"
"QMIC2109","2017/06/05 00:00:00","260",2000,"QMIC2109"
"QMIC2115","2017/06/12 00:00:00","0",2000,"QMIC2115"
"QMIC2116","2017/06/12 00:00:00","5",2000,"QMIC2116"
"QMIC2117","2017/06/12 00:00:00","30",2000,"QMIC2117"
"QMIC2118","2017/06/12 00:00:00","100",2000,"QMIC2118"
"QMIC2119","2017/06/12 00:00:00","260",2000,"QMIC2119"
"QMIC2125","2017/06/19 00:00:00","0",2000,"QMIC2125"
"QMIC2126","2017/06/19 00:00:00","5",2000,"QMIC2126"
"QMIC2127","2017/06/19 00:00:00","30",2000,"QMIC2127"
"QMIC2128","2017/06/19 00:00:00","100",2000,"QMIC2128"
"QMIC2129","2017/06/19 00:00:00","260",2000,"QMIC2129"
"QMIC2135","2017/06/29 00:00:00","0",2000,"QMIC2135"
"QMIC2136","2017/06/29 00:00:00","5",2000,"QMIC2136"
"QMIC2137","2017/06/29 00:00:00","30",2000,"QMIC2137"
"QMIC2138","2017/06/29 00:00:00","100",2000,"QMIC2138"
"QMIC2139","2017/06/29 00:00:00","260",2000,"QMIC2139"
"QMIC2145","2017/07/07 00:00:00","0",2000,"QMIC2145"
"QMIC2146","2017/07/07 00:00:00","5",2000,"QMIC2146"
"QMIC2147","2017/07/07 00:00:00","30",2000,"QMIC2147"
"QMIC2148","2017/07/07 00:00:00","100",2000,"QMIC2148"
"QMIC2149","2017/07/07 00:00:00","260",2000,"QMIC2149"
"QMIC2155","2017/07/11 00:00:00","0",2000,"QMIC2155"
"QMIC2156","2017/07/11 00:00:00","5",2000,"QMIC2156"
"QMIC2157","2017/07/11 00:00:00","30",2000,"QMIC2157"
"QMIC2158","2017/07/11 00:00:00","100",2000,"QMIC2158"
"QMIC2159","2017/07/11 00:00:00","260",2000,"QMIC2159"
"QMIC2174","2017/07/17 00:00:00","0",2000,"QMIC2174"
"QMIC2175","2017/07/17 00:00:00","5",2000,"QMIC2175"
"QMIC2176","2017/07/17 00:00:00","30",2000,"QMIC2176"
"QMIC2177","2017/07/17 00:00:00","100",2000,"QMIC2177"
"QMIC2178","2017/07/17 00:00:00","260",2000,"QMIC2178"
"QMIC2184","2017/07/24 00:00:00","0",1800,"QMIC2184"
"QMIC2185","2017/07/24 00:00:00","5",1500,"QMIC2185"
"QMIC2186","2017/07/24 00:00:00","30",2000,"QMIC2186"
"QMIC2187","2017/07/24 00:00:00","100",2000,"QMIC2187"
"QMIC2188","2017/07/24 00:00:00","260",2000,"QMIC2188"
"QMIC2193","2017/08/04 00:00:00","0",2000,"QMIC2193"
"QMIC2194","2017/08/04 00:00:00","5",1500,"QMIC2194"
"QMIC2195","2017/08/04 00:00:00","30",2000,"QMIC2195"
"QMIC2196","2017/08/04 00:00:00","100",2000,"QMIC2196"
"QMIC2197","2017/08/04 00:00:00","260",2000,"QMIC2197"
"QMIC2203","2017/08/08 00:00:00","0",2000,"QMIC2203"
"QMIC2204","2017/08/08 00:00:00","5",2000,"QMIC2204"
"QMIC2205","2017/08/08 00:00:00","30",1925,"QMIC2205"
"QMIC2206","2017/08/08 00:00:00","100",1800,"QMIC2206"
"QMIC2207","2017/08/08 00:00:00","260",2000,"QMIC2207"
"QMIC2213","2017/08/15 00:00:00","0",1700,"QMIC2213"
"QMIC2214","2017/08/15 00:00:00","5",1800,"QMIC2214"
"QMIC2215","2017/08/15 00:00:00","30",2000,"QMIC2215"
"QMIC2216","2017/08/15 00:00:00","100",2000,"QMIC2216"
"QMIC2217","2017/08/15 00:00:00","260",2000,"QMIC2217"
"QMIC2223","2017/08/21 00:00:00","0",1200,"QMIC2223"
"QMIC2224","2017/08/21 00:00:00","5",1200,"QMIC2224"
"QMIC2225","2017/08/21 00:00:00","30",2000,"QMIC2225"
"QMIC2226","2017/08/21 00:00:00","100",2000,"QMIC2226"
"QMIC2227","2017/08/21 00:00:00","260",2000,"QMIC2227"
"QMIC2233","2017/08/29 00:00:00","0",1600,"QMIC2233"
"QMIC2234","2017/08/29 00:00:00","5",1425,"QMIC2234"
"QMIC2235","2017/08/29 00:00:00","30",2000,"QMIC2235"
"QMIC2236","2017/08/29 00:00:00","100",2000,"QMIC2236"
"QMIC2237","2017/08/29 00:00:00","260",2000,"QMIC2237"
"QMIC2243","2017/09/05 00:00:00","0",2000,"QMIC2243"
"QMIC2244","2017/09/05 00:00:00","5",2000,"QMIC2244"
"QMIC2245","2017/09/05 00:00:00","30",1700,"QMIC2245"
"QMIC2246","2017/09/05 00:00:00","100",2000,"QMIC2246"
"QMIC2247","2017/09/05 00:00:00","260",2000,"QMIC2247"
"QMIC2253","2017/09/12 00:00:00","0",2000,"QMIC2253"
"QMIC2254","2017/09/12 00:00:00","5",2000,"QMIC2254"
"QMIC2255","2017/09/12 00:00:00","30",2000,"QMIC2255"
"QMIC2256","2017/09/12 00:00:00","100",2000,"QMIC2256"
"QMIC2257","2017/09/12 00:00:00","260",2000,"QMIC2257"
"QMIC2263","2017/09/18 00:00:00","0",2000,"QMIC2263"
"QMIC2264","2017/09/18 00:00:00","5",2000,"QMIC2264"
"QMIC2265","2017/09/18 00:00:00","30",2000,"QMIC2265"
"QMIC2266","2017/09/18 00:00:00","100",2000,"QMIC2266"
"QMIC2267","2017/09/18 00:00:00","260",2000,"QMIC2267"
"QMIC2274","2017/09/26 00:00:00","0",1850,"QMIC2274"
"QMIC2275","2017/09/26 00:00:00","5",2000,"QMIC2275"
"QMIC2276","2017/09/26 00:00:00","30",2000,"QMIC2276"
"QMIC2277","2017/09/26 00:00:00","100",2000,"QMIC2277"
"QMIC2278","2017/09/26 00:00:00","260",2000,"QMIC2278"
"QMIC2284","2017/10/03 00:00:00","0",2000,"QMIC2284"
"QMIC2285","2017/10/03 00:00:00","5",2000,"QMIC2285"
"QMIC2286","2017/10/03 00:00:00","30",2000,"QMIC2286"
"QMIC2287","2017/10/03 00:00:00","100",2000,"QMIC2287"
"QMIC2288","2017/10/03 00:00:00","260",2000,"QMIC2288"
"QMIC2294","2017/10/11 00:00:00","0",2000,"QMIC2294"
"QMIC2295","2017/10/11 00:00:00","5",1970,"QMIC2295"
"QMIC2296","2017/10/11 00:00:00","30",2000,"QMIC2296"
"QMIC2297","2017/10/11 00:00:00","100",2000,"QMIC2297"
"QMIC2298","2017/10/11 00:00:00","260",2000,"QMIC2298"
"QMIC2310","2017/10/20 00:00:00","0",2000,"QMIC2310"
"QMIC2311","2017/10/20 00:00:00","5",2000,"QMIC2311"
"QMIC2312","2017/10/20 00:00:00","30",2000,"QMIC2312"
"QMIC2313","2017/10/20 00:00:00","100",2000,"QMIC2313"
"QMIC2314","2017/10/20 00:00:00","260",2000,"QMIC2314"
"QMIC2326","2017/10/24 00:00:00","0",2000,"QMIC2326"
"QMIC2327","2017/10/24 00:00:00","5",1950,"QMIC2327"
"QMIC2328","2017/10/24 00:00:00","30",2000,"QMIC2328"
"QMIC2329","2017/10/24 00:00:00","100",2000,"QMIC2329"
"QMIC2330","2017/10/24 00:00:00","260",2000,"QMIC2330"
"QMIC2336","2017/10/31 00:00:00","0",2000,"QMIC2336"
"QMIC2337","2017/10/31 00:00:00","5",2000,"QMIC2337"
"QMIC2338","2017/10/31 00:00:00","30",2000,"QMIC2338"
"QMIC2339","2017/10/31 00:00:00","100",2000,"QMIC2339"
"QMIC2340","2017/10/31 00:00:00","260",2000,"QMIC2340"
"QMIC2346","2017/11/08 00:00:00","0",2000,"QMIC2346"
"QMIC2347","2017/11/08 00:00:00","5",1975,"QMIC2347"
"QMIC2348","2017/11/08 00:00:00","30",2000,"QMIC2348"
"QMIC2349","2017/11/08 00:00:00","100",2000,"QMIC2349"
"QMIC2350","2017/11/08 00:00:00","260",2000,"QMIC2350"
"QMIC2356","2017/11/16 00:00:00","0",2000,"QMIC2356"
"QMIC2357","2017/11/16 00:00:00","5",2000,"QMIC2357"
"QMIC2358","2017/11/16 00:00:00","30",2000,"QMIC2358"
"QMIC2359","2017/11/16 00:00:00","100",2000,"QMIC2359"
"QMIC2360","2017/11/16 00:00:00","260",2000,"QMIC2360"
"QMIC2366","2017/11/20 00:00:00","0",2000,"QMIC2366"
"QMIC2367","2017/11/20 00:00:00","5",2000,"QMIC2367"
"QMIC2368","2017/11/20 00:00:00","30",2000,"QMIC2368"
"QMIC2369","2017/11/20 00:00:00","100",2000,"QMIC2369"
"QMIC2370","2017/11/20 00:00:00","260",2000,"QMIC2370"
"QMIC2372","2017/11/27 00:00:00","0",2000,"QMIC2372"
"QMIC2374","2017/11/27 00:00:00","5",2000,"QMIC2374"
"QMIC2376","2017/11/27 00:00:00","30",2000,"QMIC2376"
"QMIC2378","2017/11/27 00:00:00","100",2000,"QMIC2378"
"QMIC2380","2017/11/27 00:00:00","260",2000,"QMIC2380"
"QMIC2386","2017/12/06 00:00:00","0",2000,"QMIC2386"
"QMIC2387","2017/12/06 00:00:00","5",2000,"QMIC2387"
"QMIC2388","2017/12/06 00:00:00","30",2000,"QMIC2388"
"QMIC2389","2017/12/06 00:00:00","100",2000,"QMIC2389"
"QMIC2390","2017/12/06 00:00:00","260",2000,"QMIC2390"
"QMIC2396","2017/12/11 00:00:00","0",2000,"QMIC2396"
"QMIC2397","2017/12/11 00:00:00","5",2000,"QMIC2397"
"QMIC2398","2017/12/11 00:00:00","30",2000,"QMIC2398"
"QMIC2399","2017/12/11 00:00:00","100",1950,"QMIC2399"
"QMIC2400","2017/12/11 00:00:00","260",2000,"QMIC2400"
"QMIC2406","2018/01/03 00:00:00","0",1800,"QMIC2406"
"QMIC2407","2018/01/03 00:00:00","5",2000,"QMIC2407"
"QMIC2408","2018/01/03 00:00:00","30",2000,"QMIC2408"
"QMIC2409","2018/01/03 00:00:00","100",2000,"QMIC2409"
"QMIC2410","2018/01/03 00:00:00","260",2000,"QMIC2410"
"QMIC2416","2018/01/09 00:00:00","0",2000,"QMIC2416"
"QMIC2417","2018/01/09 00:00:00","5",2000,"QMIC2417"
"QMIC2418","2018/01/09 00:00:00","30",2000,"QMIC2418"
"QMIC2419","2018/01/09 00:00:00","100",2000,"QMIC2419"
"QMIC2420","2018/01/09 00:00:00","260",2000,"QMIC2420"
"QMIC2426","2018/01/22 00:00:00","0",2000,"QMIC2426"
"QMIC2427","2018/01/22 00:00:00","5",2000,"QMIC2427"
"QMIC2428","2018/01/22 00:00:00","30",2000,"QMIC2428"
"QMIC2429","2018/01/22 00:00:00","100",2000,"QMIC2429"
"QMIC2430","2018/01/22 00:00:00","260",2000,"QMIC2430"
"QMIC2436","2018/01/31 00:00:00","0",2000,"QMIC2436"
"QMIC2437","2018/01/31 00:00:00","5",1925,"QMIC2437"
"QMIC2438","2018/01/31 00:00:00","30",2000,"QMIC2438"
"QMIC2439","2018/01/31 00:00:00","100",2000,"QMIC2439"
"QMIC2440","2018/01/31 00:00:00","260",2000,"QMIC2440"
"QMIC2446","2018/02/06 00:00:00","0",2000,"QMIC2446"
"QMIC2447","2018/02/06 00:00:00","5",2000,"QMIC2447"
"QMIC2448","2018/02/06 00:00:00","30",2000,"QMIC2448"
"QMIC2449","2018/02/06 00:00:00","100",2000,"QMIC2449"
"QMIC2450","2018/02/06 00:00:00","260",2000,"QMIC2450"
"QMIC2456","2018/02/13 00:00:00","0",2000,"QMIC2456"
"QMIC2457","2018/02/13 00:00:00","5",2000,"QMIC2457"
"QMIC2458","2018/02/13 00:00:00","30",2000,"QMIC2458"
"QMIC2459","2018/02/13 00:00:00","100",2000,"QMIC2459"
"QMIC2460","2018/02/13 00:00:00","260",2000,"QMIC2460"
"QMIC2466","2018/02/19 00:00:00","0",2000,"QMIC2466"
"QMIC2467","2018/02/19 00:00:00","5",2000,"QMIC2467"
"QMIC2468","2018/02/19 00:00:00","30",2000,"QMIC2468"
"QMIC2469","2018/02/19 00:00:00","100",2000,"QMIC2469"
"QMIC2470","2018/02/19 00:00:00","260",2000,"QMIC2470"
"QMIC2476","2018/02/27 00:00:00","0",2000,"QMIC2476"
"QMIC2477","2018/02/27 00:00:00","5",1950,"QMIC2477"
"QMIC2478","2018/02/27 00:00:00","30",2000,"QMIC2478"
"QMIC2479","2018/02/27 00:00:00","100",2000,"QMIC2479"
"QMIC2480","2018/02/27 00:00:00","260",2000,"QMIC2480"
"QMIC2486","2018/03/06 00:00:00","0",2000,"QMIC2486"
"QMIC2487","2018/03/06 00:00:00","5",2000,"QMIC2487"
"QMIC2488","2018/03/06 00:00:00","30",2000,"QMIC2488"
"QMIC2489","2018/03/06 00:00:00","100",2000,"QMIC2489"
"QMIC2490","2018/03/06 00:00:00","260",2000,"QMIC2490"
"QMIC2496","2018/03/13 00:00:00","0",2000,"QMIC2496"
"QMIC2497","2018/03/13 00:00:00","5",2000,"QMIC2497"
"QMIC2498","2018/03/13 00:00:00","30",2000,"QMIC2498"
"QMIC2499","2018/03/13 00:00:00","100",2000,"QMIC2499"
"QMIC2500","2018/03/13 00:00:00","260",2000,"QMIC2500"
"QMIC2506","2018/03/20 00:00:00","0",2000,"QMIC2506"
"QMIC2507","2018/03/20 00:00:00","5",1800,"QMIC2507"
"QMIC2508","2018/03/20 00:00:00","30",2000,"QMIC2508"
"QMIC2509","2018/03/20 00:00:00","100",1900,"QMIC2509"
"QMIC2510","2018/03/20 00:00:00","260",2000,"QMIC2510"
"QMIC2516","2018/03/27 00:00:00","0",2000,"QMIC2516"
"QMIC2517","2018/03/27 00:00:00","5",2000,"QMIC2517"
"QMIC2518","2018/03/27 00:00:00","30",2000,"QMIC2518"
"QMIC2519","2018/03/27 00:00:00","100",2000,"QMIC2519"
"QMIC2520","2018/03/27 00:00:00","260",2000,"QMIC2520"
"QMIC2526","2018/04/12 00:00:00","0",2000,"QMIC2526"
"QMIC2527","2018/04/12 00:00:00","5",2000,"QMIC2527"
"QMIC2528","2018/04/12 00:00:00","30",2000,"QMIC2528"
"QMIC2529","2018/04/12 00:00:00","100",2000,"QMIC2529"
"QMIC2530","2018/04/04 00:00:00","260",2000,"QMIC2530"
"QMIC2532","2018/04/12 00:00:00","260",2000,"QMIC2532"
"QMIC2533","2018/04/17 00:00:00","0",2000,"QMIC2533"
"QMIC2534","2018/04/17 00:00:00","5",1900,"QMIC2534"
"QMIC2535","2018/04/17 00:00:00","30",2000,"QMIC2535"
"QMIC2536","2018/04/17 00:00:00","100",2000,"QMIC2536"
"QMIC2537","2018/04/17 00:00:00","260",2000,"QMIC2537"
"QMIC2543","2018/04/24 00:00:00","0",1350,"QMIC2543"
"QMIC2544","2018/04/24 00:00:00","5",1100,"QMIC2544"
"QMIC2545","2018/04/24 00:00:00","30",2000,"QMIC2545"
"QMIC2546","2018/04/24 00:00:00","100",2000,"QMIC2546"
"QMIC2547","2018/04/24 00:00:00","260",2000,"QMIC2547"
"QMIC2553","2018/05/02 00:00:00","0",1500,"QMIC2553"
"QMIC2554","2018/05/02 00:00:00","5",1700,"QMIC2554"
"QMIC2555","2018/05/02 00:00:00","30",2000,"QMIC2555"
"QMIC2556","2018/05/02 00:00:00","100",2000,"QMIC2556"
"QMIC2557","2018/05/02 00:00:00","260",2000,"QMIC2557"
"QMIC2563","2018/05/08 00:00:00","0",2000,"QMIC2563"
"QMIC2564","2018/05/08 00:00:00","5",2000,"QMIC2564"
"QMIC2565","2018/05/08 00:00:00","30",2000,"QMIC2565"
"QMIC2566","2018/05/08 00:00:00","100",2000,"QMIC2566"
"QMIC2567","2018/05/08 00:00:00","260",2000,"QMIC2567"
"QMIC2583","2018/05/15 00:00:00","0",2000,"QMIC2583"
"QMIC2584","2018/05/15 00:00:00","5",2000,"QMIC2584"
"QMIC2585","2018/05/15 00:00:00","30",2000,"QMIC2585"
"QMIC2586","2018/05/15 00:00:00","100",2000,"QMIC2586"
"QMIC2587","2018/05/15 00:00:00","260",2000,"QMIC2587"
"QMIC2593","2018/05/22 00:00:00","0",2000,"QMIC2593"
"QMIC2594","2018/05/22 00:00:00","5",2000,"QMIC2594"
"QMIC2595","2018/05/22 00:00:00","30",1950,"QMIC2595"
"QMIC2596","2018/05/22 00:00:00","100",2000,"QMIC2596"
"QMIC2597","2018/05/22 00:00:00","260",2000,"QMIC2597"
"QMIC2603","2018/05/29 00:00:00","0",2000,"QMIC2603"
"QMIC2604","2018/05/29 00:00:00","5",2000,"QMIC2604"
"QMIC2605","2018/05/29 00:00:00","30",1900,"QMIC2605"
"QMIC2606","2018/05/29 00:00:00","100",2000,"QMIC2606"
"QMIC2607","2018/05/29 00:00:00","260",2000,"QMIC2607"
"QMIC2609","2018/06/05 00:00:00","0",2000,"QMIC2609"
"QMIC2610","2018/06/05 00:00:00","5",750,"QMIC2610"
"QMIC2611","2018/06/05 00:00:00","30",2000,"QMIC2611"
"QMIC2612","2018/06/05 00:00:00","100",2000,"QMIC2612"
"QMIC2613","2018/06/05 00:00:00","260",2000,"QMIC2613"
"QMIC2619","2018/06/11 00:00:00","0",2000,"QMIC2619"
"QMIC2620","2018/06/11 00:00:00","5",2000,"QMIC2620"
"QMIC2621","2018/06/11 00:00:00","30",2000,"QMIC2621"
"QMIC2622","2018/06/11 00:00:00","100",2000,"QMIC2622"
"QMIC2623","2018/06/11 00:00:00","260",2000,"QMIC2623"
"QMIC2639","2018/06/18 00:00:00","0",2000,"QMIC2639"
"QMIC2640","2018/06/18 00:00:00","5",2000,"QMIC2640"
"QMIC2641","2018/06/18 00:00:00","30",2000,"QMIC2641"
"QMIC2642","2018/06/18 00:00:00","100",2000,"QMIC2642"
"QMIC2643","2018/06/18 00:00:00","260",1800,"QMIC2643"
"QMIC2649","2018/06/26 00:00:00","0",1400,"QMIC2649"
"QMIC2650","2018/06/26 00:00:00","5",1300,"QMIC2650"
"QMIC2651","2018/06/26 00:00:00","30",2000,"QMIC2651"
"QMIC2652","2018/06/26 00:00:00","100",2000,"QMIC2652"
"QMIC2653","2018/06/26 00:00:00","260",2000,"QMIC2653"
"QMIC2659","2018/07/11 00:00:00","0",1200,"QMIC2659"
"QMIC2660","2018/07/11 00:00:00","5",1100,"QMIC2660"
"QMIC2661","2018/07/11 00:00:00","30",2000,"QMIC2661"
"QMIC2662","2018/07/11 00:00:00","100",2000,"QMIC2662"
"QMIC2663","2018/07/11 00:00:00","260",2000,"QMIC2663"
"QMIC2664","2018/07/16 00:00:00","0",2000,"QMIC2664"
"QMIC2665","2018/07/16 00:00:00","5",2000,"QMIC2665"
"QMIC2666","2018/07/16 00:00:00","30",2000,"QMIC2666"
"QMIC2667","2018/07/16 00:00:00","100",2000,"QMIC2667"
"QMIC2668","2018/07/16 00:00:00","260",2000,"QMIC2668"
"QMIC2674","2018/07/23 00:00:00","0",1800,"QMIC2674"
"QMIC2675","2018/07/23 00:00:00","5",2000,"QMIC2675"
"QMIC2676","2018/07/23 00:00:00","30",2000,"QMIC2676"
"QMIC2677","2018/07/23 00:00:00","100",1950,"QMIC2677"
"QMIC2678","2018/07/23 00:00:00","260",2000,"QMIC2678"
"QMIC2694","2018/07/31 00:00:00","0",2000,"QMIC2694"
"QMIC2695","2018/07/31 00:00:00","5",2000,"QMIC2695"
"QMIC2696","2018/07/31 00:00:00","30",2000,"QMIC2696"
"QMIC2697","2018/07/31 00:00:00","100",2000,"QMIC2697"
"QMIC2698","2018/07/31 00:00:00","260",2000,"QMIC2698"
"QMIC2704","2018/08/09 00:00:00","0",2000,"QMIC2704"
"QMIC2705","2018/08/09 00:00:00","5",1950,"QMIC2705"
"QMIC2706","2018/08/09 00:00:00","30",2000,"QMIC2706"
"QMIC2707","2018/08/09 00:00:00","100",2000,"QMIC2707"
"QMIC2708","2018/08/09 00:00:00","260",2000,"QMIC2708"
"QMIC2724","2018/08/14 00:00:00","0",2000,"QMIC2724"
"QMIC2725","2018/08/14 00:00:00","5",2000,"QMIC2725"
"QMIC2726","2018/08/14 00:00:00","30",2000,"QMIC2726"
"QMIC2727","2018/08/14 00:00:00","100",2000,"QMIC2727"
"QMIC2728","2018/08/14 00:00:00","260",2000,"QMIC2728"
"QMIC2734","2018/08/21 00:00:00","0",2000,"QMIC2734"
"QMIC2735","2018/08/21 00:00:00","5",2000,"QMIC2735"
"QMIC2736","2018/08/21 00:00:00","30",2000,"QMIC2736"
"QMIC2737","2018/08/21 00:00:00","100",2000,"QMIC2737"
"QMIC2738","2018/08/21 00:00:00","260",2000,"QMIC2738"
"QMIC2744","2018/08/29 00:00:00","0",2000,"QMIC2744"
"QMIC2745","2018/08/29 00:00:00","5",2000,"QMIC2745"
"QMIC2746","2018/08/29 00:00:00","30",2000,"QMIC2746"
"QMIC2747","2018/08/29 00:00:00","100",2000,"QMIC2747"
"QMIC2748","2018/08/29 00:00:00","260",2000,"QMIC2748"
"QMIC2763","2018/09/04 00:00:00","0",2000,"QMIC2763"
"QMIC2764","2018/09/04 00:00:00","5",2000,"QMIC2764"
"QMIC2765","2018/09/04 00:00:00","30",2000,"QMIC2765"
"QMIC2766","2018/09/04 00:00:00","100",2000,"QMIC2766"
"QMIC2767","2018/09/04 00:00:00","260",2000,"QMIC2767"
"QMIC2783","2018/09/13 00:00:00","0",2000,"QMIC2783"
"QMIC2784","2018/09/13 00:00:00","5",1900,"QMIC2784"
"QMIC2785","2018/09/13 00:00:00","30",2000,"QMIC2785"
"QMIC2786","2018/09/13 00:00:00","100",2000,"QMIC2786"
"QMIC2787","2018/09/13 00:00:00","260",2000,"QMIC2787"
"QMIC2793","2018/09/18 00:00:00","0",1900,"QMIC2793"
"QMIC2794","2018/09/18 00:00:00","5",2000,"QMIC2794"
"QMIC2795","2018/09/18 00:00:00","30",2000,"QMIC2795"
"QMIC2796","2018/09/18 00:00:00","100",1975,"QMIC2796"
"QMIC2797","2018/09/18 00:00:00","260",2000,"QMIC2797"
"QMIC2803","2018/09/25 00:00:00","0",2000,"QMIC2803"
"QMIC2804","2018/09/25 00:00:00","5",2000,"QMIC2804"
"QMIC2805","2018/09/25 00:00:00","30",2000,"QMIC2805"
"QMIC2806","2018/09/25 00:00:00","100",2000,"QMIC2806"
"QMIC2807","2018/09/25 00:00:00","260",2000,"QMIC2807"
"QMIC2813","2018/10/04 00:00:00","0",2000,"QMIC2813"
"QMIC2814","2018/10/04 00:00:00","5",2000,"QMIC2814"
"QMIC2815","2018/10/04 00:00:00","30",2000,"QMIC2815"
"QMIC2816","2018/10/04 00:00:00","100",2000,"QMIC2816"
"QMIC2817","2018/10/04 00:00:00","260",2000,"QMIC2817"
"QMIC2823","2018/10/09 00:00:00","0",2000,"QMIC2823"
"QMIC2824","2018/10/09 00:00:00","5",2000,"QMIC2824"
"QMIC2825","2018/10/09 00:00:00","30",2000,"QMIC2825"
"QMIC2826","2018/10/09 00:00:00","100",2000,"QMIC2826"
"QMIC2827","2018/10/09 00:00:00","260",2000,"QMIC2827"
"QMIC2843","2018/10/16 00:00:00","0",2000,"QMIC2843"
"QMIC2844","2018/10/16 00:00:00","5",1900,"QMIC2844"
"QMIC2845","2018/10/16 00:00:00","30",1950,"QMIC2845"
"QMIC2846","2018/10/16 00:00:00","100",2000,"QMIC2846"
"QMIC2847","2018/10/16 00:00:00","260",2000,"QMIC2847"
"QMIC2853","2018/10/24 00:00:00","0",2000,"QMIC2853"
"QMIC2854","2018/10/24 00:00:00","5",1950,"QMIC2854"
"QMIC2855","2018/10/24 00:00:00","30",2000,"QMIC2855"
"QMIC2856","2018/10/24 00:00:00","100",2000,"QMIC2856"
"QMIC2863","2018/10/30 00:00:00","0",2000,"QMIC2863"
"QMIC2864","2018/10/30 00:00:00","5",1950,"QMIC2864"
"QMIC2865","2018/10/30 00:00:00","30",1950,"QMIC2865"
"QMIC2866","2018/10/30 00:00:00","100",2000,"QMIC2866"
"QMIC2867","2018/10/30 00:00:00","260",1950,"QMIC2867"
"QMIC2883","2018/11/07 00:00:00","0",2000,"QMIC2883"
"QMIC2884","2018/11/07 00:00:00","5",2000,"QMIC2884"
"QMIC2885","2018/11/07 00:00:00","30",2000,"QMIC2885"
"QMIC2886","2018/11/07 00:00:00","100",2000,"QMIC2886"
"QMIC2887","2018/11/07 00:00:00","260",2000,"QMIC2887"
"QMIC2893","2018/11/16 00:00:00","0",2000,"QMIC2893"
"QMIC2894","2018/11/16 00:00:00","5",1000,"QMIC2894"
"QMIC2895","2018/11/16 00:00:00","30",2000,"QMIC2895"
"QMIC2896","2018/11/16 00:00:00","100",2000,"QMIC2896"
"QMIC2897","2018/11/16 00:00:00","260",2000,"QMIC2897"
"QMIC2903","2018/11/19 00:00:00","0",2000,"QMIC2903"
"QMIC2904","2018/11/19 00:00:00","5",2000,"QMIC2904"
"QMIC2905","2018/11/19 00:00:00","30",2000,"QMIC2905"
"QMIC2906","2018/11/19 00:00:00","100",2000,"QMIC2906"
"QMIC2907","2018/11/19 00:00:00","260",2000,"QMIC2907"
"QMIC2913","2018/11/28 00:00:00","0",2000,"QMIC2913"
"QMIC2914","2018/11/28 00:00:00","5",2000,"QMIC2914"
"QMIC2915","2018/11/28 00:00:00","30",2000,"QMIC2915"
"QMIC2916","2018/11/28 00:00:00","100",2000,"QMIC2916"
"QMIC2917","2018/11/28 00:00:00","260",2000,"QMIC2917"
"QMIC2923","2018/12/04 00:00:00","0",2000,"QMIC2923"
"QMIC2924","2018/12/04 00:00:00","5",2000,"QMIC2924"
"QMIC2925","2018/12/04 00:00:00","30",2000,"QMIC2925"
"QMIC2926","2018/12/04 00:00:00","100",2000,"QMIC2926"
"QMIC2927","2018/12/04 00:00:00","260",2000,"QMIC2927"
"QMIC2933","2019/01/16 00:00:00","0",2000,"QMIC2933"
"QMIC2935","2019/01/16 00:00:00","30",2000,"QMIC2935"
"QMIC2936","2019/01/16 00:00:00","100",2000,"QMIC2936"
"QMIC2937","2019/01/16 00:00:00","260",2000,"QMIC2937"
"QMIC293D","2016/01/28 00:00:00","0",2000,"QMIC293D"
"QMIC2948","2019/01/23 00:00:00","0",2000,"QMIC2948"
"QMIC2949","2019/01/23 00:00:00","5",2000,"QMIC2949"
"QMIC294D","2016/01/28 00:00:00","5",2000,"QMIC294D"
"QMIC2950","2019/01/23 00:00:00","30",2000,"QMIC2950"
"QMIC2951","2019/01/23 00:00:00","100",2000,"QMIC2951"
"QMIC2952","2019/01/23 00:00:00","260",1900,"QMIC2952"
"QMIC2958","2019/01/29 00:00:00","0",1950,"QMIC2958"
"QMIC2959","2019/01/29 00:00:00","5",2000,"QMIC2959"
"QMIC295D","2016/01/28 00:00:00","30",2000,"QMIC295D"
"QMIC2960","2019/01/29 00:00:00","30",2000,"QMIC2960"
"QMIC2961","2019/01/29 00:00:00","100",2000,"QMIC2961"
"QMIC2962","2019/01/29 00:00:00","260",1950,"QMIC2962"
"QMIC2963","2019/02/05 00:00:00","0",2000,"QMIC2963"
"QMIC2964","2019/02/05 00:00:00","5",1900,"QMIC2964"
"QMIC2965","2019/02/05 00:00:00","30",1975,"QMIC2965"
"QMIC2966","2019/02/05 00:00:00","100",2000,"QMIC2966"
"QMIC2968","2019/02/05 00:00:00","260",1900,"QMIC2968"
"QMIC2969","2019/02/12 00:00:00","0",1900,"QMIC2969"
"QMIC296D","2016/01/28 00:00:00","100",2000,"QMIC296D"
"QMIC2970","2019/02/12 00:00:00","5",2000,"QMIC2970"
"QMIC2971","2019/02/12 00:00:00","30",2000,"QMIC2971"
"QMIC2972","2019/02/12 00:00:00","100",1950,"QMIC2972"
"QMIC2973","2019/02/12 00:00:00","260",1900,"QMIC2973"
"QMIC297D","2016/01/28 00:00:00","265",2000,"QMIC297D"
"QMIC2989","2019/02/21 00:00:00","0",2000,"QMIC2989"
"QMIC298D","2016/02/02 00:00:00","0",2000,"QMIC298D"
"QMIC2990","2019/02/21 00:00:00","5",2000,"QMIC2990"
"QMIC2991","2019/02/21 00:00:00","30",2000,"QMIC2991"
"QMIC2992","2019/02/21 00:00:00","100",2000,"QMIC2992"
"QMIC2993","2019/02/21 00:00:00","260",2000,"QMIC2993"
"QMIC2999","2019/02/26 00:00:00","0",1950,"QMIC2999"
"QMIC299D","2016/02/02 00:00:00","5",2000,"QMIC299D"
"QMIC3000","2019/02/26 00:00:00","5",2000,"QMIC3000"
"QMIC3001","2019/02/26 00:00:00","30",2000,"QMIC3001"
"QMIC3002","2019/02/26 00:00:00","100",2000,"QMIC3002"
"QMIC3003","2019/02/26 00:00:00","260",2000,"QMIC3003"
"QMIC3004","2019/03/05 00:00:00","0",2000,"QMIC3004"
"QMIC3005","2019/03/05 00:00:00","5",1950,"QMIC3005"
"QMIC3006","2019/03/05 00:00:00","30",2000,"QMIC3006"
"QMIC3007","2019/03/05 00:00:00","100",2000,"QMIC3007"
"QMIC3008","2019/03/05 00:00:00","260",2000,"QMIC3008"
"QMIC3009","2019/03/12 00:00:00","0",2000,"QMIC3009"
"QMIC300D","2016/02/02 00:00:00","30",2000,"QMIC300D"
"QMIC3015","2019/03/12 00:00:00","5",2000,"QMIC3015"
"QMIC3016","2019/03/12 00:00:00","30",2000,"QMIC3016"
"QMIC3017","2019/03/12 00:00:00","100",2000,"QMIC3017"
"QMIC3018","2019/03/12 00:00:00","260",2000,"QMIC3018"
"QMIC3024","2019/03/20 00:00:00","0",2000,"QMIC3024"
"QMIC3025","2019/03/20 00:00:00","5",1900,"QMIC3025"
"QMIC3026","2019/03/20 00:00:00","30",2000,"QMIC3026"
"QMIC3027","2019/03/20 00:00:00","100",2000,"QMIC3027"
"QMIC3028","2019/03/20 00:00:00","260",2000,"QMIC3028"
"QMIC3029","2019/03/27 00:00:00","0",2000,"QMIC3029"
"QMIC302D","2016/02/02 00:00:00","265",2000,"QMIC302D"
"QMIC3030","2019/03/27 00:00:00","5",2000,"QMIC3030"
"QMIC3031","2019/03/27 00:00:00","30",2000,"QMIC3031"
"QMIC3032","2019/03/27 00:00:00","100",2000,"QMIC3032"
"QMIC3034","2019/04/02 00:00:00","0",2000,"QMIC3034"
"QMIC3035","2019/04/02 00:00:00","5",2000,"QMIC3035"
"QMIC3036","2019/04/02 00:00:00","30",1800,"QMIC3036"
"QMIC3037","2019/04/02 00:00:00","100",2000,"QMIC3037"
"QMIC3038","2019/04/02 00:00:00","260",2000,"QMIC3038"
"QMIC303D","2016/02/09 00:00:00","0",2000,"QMIC303D"
"QMIC304D","2016/02/09 00:00:00","5",2000,"QMIC304D"
"QMIC305D","2016/02/09 00:00:00","30",2000,"QMIC305D"
"QMIC306D","2016/02/09 00:00:00","100",1950,"QMIC306D"
"QMIC307D","2016/02/09 00:00:00","265",2000,"QMIC307D"
"QMIC308D","2016/02/16 00:00:00","0",2000,"QMIC308D"
"QMIC309D","2016/02/16 00:00:00","5",1900,"QMIC309D"
"QMIC310D","2016/02/16 00:00:00","30",4000,"QMIC310D"
"QMIC311D","2016/02/16 00:00:00","100",2000,"QMIC311D"
"QMIC312D","2016/02/16 00:00:00","265",2000,"QMIC312D"
"QMIC313D","2016/02/23 00:00:00","0",2000,"QMIC313D"
"QMIC314D","2016/02/23 00:00:00","5",2000,"QMIC314D"
"QMIC315D","2016/02/23 00:00:00","30",2200,"QMIC315D"
"QMIC316D","2016/02/23 00:00:00","100",2000,"QMIC316D"
"QMIC317D","2016/02/23 00:00:00","265",2000,"QMIC317D"
"QMIC318D","2016/03/15 00:00:00","0",2000,"QMIC318D"
"QMIC319D","2016/03/15 00:00:00","5",2000,"QMIC319D"
"QMIC320D","2016/03/15 00:00:00","30",2000,"QMIC320D"
"QMIC321D","2016/03/15 00:00:00","100",2000,"QMIC321D"
"QMIC322D","2016/03/15 00:00:00","265",2000,"QMIC322D"
"QMIC323D","2016/03/22 00:00:00","0",2000,"QMIC323D"
"QMIC324D","2016/03/22 00:00:00","5",2000,"QMIC324D"
"QMIC3259","2019/04/10 00:00:00","0",2000,"QMIC3259"
"QMIC325D","2016/03/22 00:00:00","30",2000,"QMIC325D"
"QMIC3260","2019/04/10 00:00:00","5",2000,"QMIC3260"
"QMIC3261","2019/04/10 00:00:00","30",2000,"QMIC3261"
"QMIC3262","2019/04/10 00:00:00","100",2000,"QMIC3262"
"QMIC3263","2019/04/10 00:00:00","260",2000,"QMIC3263"
"QMIC3267","2019/05/02 00:00:00","0",1900,"QMIC3267"
"QMIC3268","2019/05/02 00:00:00","5",1900,"QMIC3268"
"QMIC3269","2019/05/02 00:00:00","30",1900,"QMIC3269"
"QMIC326D","2016/03/22 00:00:00","100",2000,"QMIC326D"
"QMIC3270","2019/05/02 00:00:00","100",1950,"QMIC3270"
"QMIC3271","2019/05/02 00:00:00","260",1950,"QMIC3271"
"QMIC3272","2019/05/09 00:00:00","0",2000,"QMIC3272"
"QMIC3273","2019/05/09 00:00:00","5",2000,"QMIC3273"
"QMIC3274","2019/05/09 00:00:00","30",2000,"QMIC3274"
"QMIC3275","2019/05/09 00:00:00","100",2000,"QMIC3275"
"QMIC3276","2019/05/09 00:00:00","260",2000,"QMIC3276"
"QMIC327D","2016/03/22 00:00:00","265",2000,"QMIC327D"
"QMIC3282","2019/05/22 00:00:00","0",2000,"QMIC3282"
"QMIC3283","2019/05/22 00:00:00","5",2000,"QMIC3283"
"QMIC3284","2019/05/22 00:00:00","30",2000,"QMIC3284"
"QMIC3285","2019/05/22 00:00:00","100",2000,"QMIC3285"
"QMIC3286","2019/05/22 00:00:00","260",2000,"QMIC3286"
"QMIC3287","2019/05/29 00:00:00","0",1530,"QMIC3287"
"QMIC3288","2019/05/29 00:00:00","5",2000,"QMIC3288"
"QMIC3289","2019/05/29 00:00:00","30",2000,"QMIC3289"
"QMIC328D","2016/03/29 00:00:00","0",2000,"QMIC328D"
"QMIC3290","2019/05/29 00:00:00","100",2000,"QMIC3290"
"QMIC3291","2019/05/29 00:00:00","260",2000,"QMIC3291"
"QMIC330D","2016/03/29 00:00:00","30",1775,"QMIC330D"
"QMIC331D","2016/03/29 00:00:00","100",2000,"QMIC331D"
"QMIC3326","2019/06/04 00:00:00","0",2000,"QMIC3326"
"QMIC3328","2019/06/04 00:00:00","5",2000,"QMIC3328"
"QMIC332D","2016/03/29 00:00:00","265",2000,"QMIC332D"
"QMIC3332","2019/06/04 00:00:00","30",2000,"QMIC3332"
"QMIC3336","2019/06/04 00:00:00","100",2000,"QMIC3336"
"QMIC3338","2019/06/04 00:00:00","260",2000,"QMIC3338"
"QMIC333D","2016/04/08 00:00:00","0",1400,"QMIC333D"
"QMIC334D","2016/04/08 00:00:00","5",2000,"QMIC334D"
"QMIC335D","2016/04/08 00:00:00","30",2000,"QMIC335D"
"QMIC3360","2019/06/20 00:00:00","0",2000,"QMIC3360"
"QMIC3361","2019/06/20 00:00:00","5",1950,"QMIC3361"
"QMIC3362","2019/06/20 00:00:00","30",2000,"QMIC3362"
"QMIC3363","2019/06/20 00:00:00","100",2000,"QMIC3363"
"QMIC336D","2016/04/08 00:00:00","100",2000,"QMIC336D"
"QMIC337D","2016/04/08 00:00:00","265",2000,"QMIC337D"
"QMIC338D","2016/04/14 00:00:00","0",2000,"QMIC338D"
"QMIC339D","2016/04/14 00:00:00","5",2000,"QMIC339D"
"QMIC340D","2016/04/14 00:00:00","30",2200,"QMIC340D"
"QMIC341D","2016/04/14 00:00:00","100",2000,"QMIC341D"
"QMIC342D","2016/04/14 00:00:00","265",2000,"QMIC342D"
"QMIC343D","2016/04/28 00:00:00","0",2000,"QMIC343D"
"QMIC3449","2019/07/09 00:00:00","0",2000,"QMIC3449"
"QMIC344D","2016/04/28 00:00:00","5",2000,"QMIC344D"
"QMIC3452","2019/07/09 00:00:00","5",2000,"QMIC3452"
"QMIC3453","2019/07/09 00:00:00","30",1950,"QMIC3453"
"QMIC3454","2019/07/09 00:00:00","100",2000,"QMIC3454"
"QMIC3455","2019/07/09 00:00:00","260",2000,"QMIC3455"
"QMIC3456","2019/07/18 00:00:00","0",2000,"QMIC3456"
"QMIC3457","2019/07/18 00:00:00","30",2000,"QMIC3457"
"QMIC3458","2019/07/18 00:00:00","100",2000,"QMIC3458"
"QMIC3459","2019/07/18 00:00:00","250",2000,"QMIC3459"
"QMIC345D","2016/04/28 00:00:00","30",2000,"QMIC345D"
"QMIC3460","2019/06/25 00:00:00","0",2000,"QMIC3460"
"QMIC3461","2019/06/25 00:00:00","5",2000,"QMIC3461"
"QMIC3462","2019/06/25 00:00:00","30",2000,"QMIC3462"
"QMIC3463","2019/06/25 00:00:00","100",1950,"QMIC3463"
"QMIC3464","2019/06/25 00:00:00","260",2000,"QMIC3464"
"QMIC346D","2016/04/28 00:00:00","100",2000,"QMIC346D"
"QMIC347D","2016/04/28 00:00:00","260",2000,"QMIC347D"
"QMIC3484","2019/07/13 00:00:00","0",2000,"QMIC3484"
"QMIC3485","2019/07/13 00:00:00","30",2000,"QMIC3485"
"QMIC3486","2019/07/13 00:00:00","100",2000,"QMIC3486"
"QMIC3487","2019/07/13 00:00:00","260",2000,"QMIC3487"
"QMIC348D","2016/05/09 00:00:00","0",2000,"QMIC348D"
"QMIC3497","2019/07/13 00:00:00","0",1400,"QMIC3497"
"QMIC3498","2019/07/13 00:00:00","30",2000,"QMIC3498"
"QMIC3499","2019/07/13 00:00:00","100",2000,"QMIC3499"
"QMIC349D","2016/05/09 00:00:00","5",2000,"QMIC349D"
"QMIC3500","2019/07/13 00:00:00","260",2000,"QMIC3500"
"QMIC350D","2016/05/09 00:00:00","30",2000,"QMIC350D"
"QMIC3511","2019/07/13 00:00:00","0",2000,"QMIC3511"
"QMIC3512","2019/07/13 00:00:00","30",2000,"QMIC3512"
"QMIC3513","2019/07/13 00:00:00","100",2000,"QMIC3513"
"QMIC3514","2019/07/13 00:00:00","260",2000,"QMIC3514"
"QMIC351D","2016/05/09 00:00:00","100",2000,"QMIC351D"
"QMIC352D","2016/05/09 00:00:00","260",2000,"QMIC352D"
"QMIC353D","2016/05/19 00:00:00","0",1900,"QMIC353D"
"QMIC354D","2016/05/19 00:00:00","5",2000,"QMIC354D"
"QMIC355D","2016/05/19 00:00:00","30",1950,"QMIC355D"
"QMIC3563","2019/07/18 00:00:00","0",2000,"QMIC3563"
"QMIC3564","2019/07/18 00:00:00","30",2000,"QMIC3564"
"QMIC3565","2019/07/18 00:00:00","100",2000,"QMIC3565"
"QMIC3566","2019/07/18 00:00:00","250",2000,"QMIC3566"
"QMIC356D","2016/05/19 00:00:00","100",2000,"QMIC356D"
"QMIC357D","2016/05/19 00:00:00","260",2000,"QMIC357D"
"QMIC3581","2019/07/18 00:00:00","0",1900,"QMIC3581"
"QMIC3582","2019/07/18 00:00:00","5",2000,"QMIC3582"
"QMIC3583","2019/07/18 00:00:00","30",2000,"QMIC3583"
"QMIC3584","2019/07/18 00:00:00","100",2000,"QMIC3584"
"QMIC3585","2019/07/18 00:00:00","260",2000,"QMIC3585"
"QMIC3586","2019/07/24 00:00:00","0",2000,"QMIC3586"
"QMIC3587","2019/07/24 00:00:00","5",2000,"QMIC3587"
"QMIC3596","2019/07/18 00:00:00","0",2000,"QMIC3596"
"QMIC3597","2019/07/18 00:00:00","30",2000,"QMIC3597"
"QMIC3598","2019/07/18 00:00:00","100",2000,"QMIC3598"
"QMIC3599","2019/07/18 00:00:00","250",2000,"QMIC3599"
"QMIC3601","2019/07/24 00:00:00","30",2000,"QMIC3601"
"QMIC3602","2019/07/24 00:00:00","100",2000,"QMIC3602"
"QMIC3603","2019/07/24 00:00:00","260",1950,"QMIC3603"
"QMIC3604","2019/07/30 00:00:00","0",2000,"QMIC3604"
"QMIC3606","2019/07/30 00:00:00","5",2000,"QMIC3606"
"QMIC3608","2019/07/30 00:00:00","30",2000,"QMIC3608"
"QMIC3610","2019/07/30 00:00:00","100",2000,"QMIC3610"
"QMIC3612","2019/07/30 00:00:00","260",2000,"QMIC3612"
"QMIC3630","2019/08/20 00:00:00","0",2000,"QMIC3630"
"QMIC3631","2019/08/20 00:00:00","5",2000,"QMIC3631"
"QMIC3632","2019/08/20 00:00:00","30",2000,"QMIC3632"
"QMIC3633","2019/08/20 00:00:00","100",1500,"QMIC3633"
"QMIC3634","2019/08/20 00:00:00","260",2000,"QMIC3634"
"QMIC3640","2019/08/29 00:00:00","0",2000,"QMIC3640"
"QMIC3641","2019/08/29 00:00:00","5",2000,"QMIC3641"
"QMIC3642","2019/08/29 00:00:00","30",2000,"QMIC3642"
"QMIC3643","2019/08/29 00:00:00","100",2000,"QMIC3643"
"QMIC3644","2019/08/29 00:00:00","260",2000,"QMIC3644"
"QMIC3645","2019/09/04 00:00:00","0",2000,"QMIC3645"
"QMIC3646","2019/09/04 00:00:00","5",1900,"QMIC3646"
"QMIC3647","2019/09/04 00:00:00","30",1950,"QMIC3647"
"QMIC3648","2019/09/04 00:00:00","100",1950,"QMIC3648"
"QMIC3649","2019/09/04 00:00:00","260",2000,"QMIC3649"
"QMIC3655","2019/09/19 00:00:00","0",2000,"QMIC3655"
"QMIC3656","2019/09/19 00:00:00","5",2000,"QMIC3656"
"QMIC3657","2019/09/19 00:00:00","30",2000,"QMIC3657"
"QMIC3658","2019/09/19 00:00:00","100",2000,"QMIC3658"
"QMIC3659","2019/09/19 00:00:00","260",2000,"QMIC3659"
"QMIC3660","2019/08/07 00:00:00","0",1600,"QMIC3660"
"QMIC3661","2019/08/07 00:00:00","5",1700,"QMIC3661"
"QMIC3662","2019/08/07 00:00:00","30",2000,"QMIC3662"
"QMIC3663","2019/08/07 00:00:00","100",2000,"QMIC3663"
"QMIC3664","2019/08/07 00:00:00","260",1900,"QMIC3664"
"QMIC3672","2019/10/09 00:00:00","0",2000,"QMIC3672"
"QMIC3673","2019/10/09 00:00:00","5",2000,"QMIC3673"
"QMIC3674","2019/10/09 00:00:00","30",2000,"QMIC3674"
"QMIC3675","2019/10/09 00:00:00","100",2000,"QMIC3675"
"QMIC3676","2019/10/09 00:00:00","260",2000,"QMIC3676"
"QMIC3678","2019/10/18 00:00:00","0",2000,"QMIC3678"
"QMIC3679","2019/10/18 00:00:00","5",2000,"QMIC3679"
"QMIC3680","2019/10/18 00:00:00","30",2000,"QMIC3680"
"QMIC3681","2019/10/18 00:00:00","100",2000,"QMIC3681"
"QMIC3682","2019/10/18 00:00:00","260",2000,"QMIC3682"
"QMIC3688","2019/10/30 00:00:00","0",1950,"QMIC3688"
"QMIC3689","2019/10/30 00:00:00","5",2000,"QMIC3689"
"QMIC3690","2019/10/30 00:00:00","30",1900,"QMIC3690"
"QMIC3691","2019/10/30 00:00:00","100",2000,"QMIC3691"
"QMIC3692","2019/10/30 00:00:00","260",2000,"QMIC3692"
"QMIC3693","2019/11/05 00:00:00","0",2000,"QMIC3693"
"QMIC3694","2019/11/05 00:00:00","5",2000,"QMIC3694"
"QMIC3695","2019/11/05 00:00:00","30",2000,"QMIC3695"
"QMIC3696","2019/11/05 00:00:00","100",2000,"QMIC3696"
"QMIC3697","2019/11/05 00:00:00","260",2000,"QMIC3697"
"QMIC3703","2019/11/13 00:00:00","0",2000,"QMIC3703"
"QMIC3704","2019/11/13 00:00:00","5",2000,"QMIC3704"
"QMIC3705","2019/11/13 00:00:00","30",2000,"QMIC3705"
"QMIC3706","2019/11/13 00:00:00","100",2000,"QMIC3706"
"QMIC3707","2019/11/13 00:00:00","260",2000,"QMIC3707"
"QMIC3708","2019/11/20 00:00:00","0",2000,"QMIC3708"
"QMIC3709","2019/11/20 00:00:00","5",2000,"QMIC3709"
"QMIC3710","2019/11/20 00:00:00","30",2000,"QMIC3710"
"QMIC3711","2019/11/20 00:00:00","100",1950,"QMIC3711"
"QMIC3712","2019/11/20 00:00:00","260",1700,"QMIC3712"
"QMIC3718","2019/11/26 00:00:00","0",2000,"QMIC3718"
"QMIC3719","2019/11/26 00:00:00","5",2000,"QMIC3719"
"QMIC3720","2019/11/26 00:00:00","30",2000,"QMIC3720"
"QMIC3721","2019/11/26 00:00:00","100",2000,"QMIC3721"
"QMIC3722","2019/11/26 00:00:00","260",2000,"QMIC3722"
"QMIC3723","2019/12/03 00:00:00","0",2000,"QMIC3723"
"QMIC3724","2019/12/03 00:00:00","5",2000,"QMIC3724"
"QMIC3725","2019/12/03 00:00:00","30",1950,"QMIC3725"
"QMIC3726","2019/12/03 00:00:00","100",2000,"QMIC3726"
"QMIC3727","2019/12/03 00:00:00","260",2000,"QMIC3727"
"QMIC3747","2019/09/24 00:00:00","0",2000,"QMIC3747"
"QMIC3748","2019/09/24 00:00:00","5",2000,"QMIC3748"
"QMIC3749","2019/09/24 00:00:00","30",2000,"QMIC3749"
"QMIC3750","2019/09/24 00:00:00","100",2000,"QMIC3750"
"QMIC3751","2019/09/24 00:00:00","260",2000,"QMIC3751"
"QPK1506-EtOH","2017/02/02 00:00:00","230",45350000,"QPK1506"
"QPK1506-bulk","2017/02/02 00:00:00","230",45350000,"QPK1506"
"QPK1512-EtOH","2017/02/14 00:00:00","230",NA,"QPK1512"
"QPK1512-bulk","2017/02/14 00:00:00","230",NA,"QPK1512"
"QPK1530-bulk","2017/02/23 00:00:00","230",44360000,"QPK1530"
"QPK1534-EtOH","2017/03/09 00:00:00","230",51690000,"QPK1534"
"QPK1534-bulk","2017/03/09 00:00:00","230",51690000,"QPK1534"
"QPK1558-EtOH","2017/04/03 00:00:00","230",44960000,"QPK1558"
"QPK1558-bulk","2017/04/03 00:00:00","230",44960000,"QPK1558"
"QPK1569-EtOH","2017/05/03 00:00:00","230",44090000,"QPK1569"
"QPK1569-bulk","2017/05/03 00:00:00","230",44090000,"QPK1569"
"QPK1576-EtOH","2017/04/21 00:00:00","230",46200000,"QPK1576"
"QPK1576-bulk","2017/04/21 00:00:00","230",46200000,"QPK1576"
"QPK1593-EtOH","2017/05/16 00:00:00","230",48870000,"QPK1593"
"QPK1593-bulk","2017/05/16 00:00:00","230",48870000,"QPK1593"
"QPK1600-EtOH","2017/06/06 00:00:00","230",44050000,"QPK1600"
"QPK1600-bulk","2017/06/06 00:00:00","230",44050000,"QPK1600"
"QPK1613-EtOH","2017/06/13 00:00:00","230",38730000,"QPK1613"
"QPK1613-bulk","2017/06/13 00:00:00","230",38730000,"QPK1613"
"QPK1621-EtOH","2017/06/28 00:00:00","230",45650000,"QPK1621"
"QPK1621-bulk","2017/06/28 00:00:00","230",45650000,"QPK1621"
"QPK1629-EtOH","2017/07/12 00:00:00","230",44520000,"QPK1629"
"QPK1629-bulk","2017/07/12 00:00:00","230",44520000,"QPK1629"
"QPK1640-bulk","2017/07/25 00:00:00","230",46510000,"QPK1640"
"QPK1652-EtOH","2017/08/14 00:00:00","230",44300000,"QPK1652"
"QPK1652-bulk","2017/08/14 00:00:00","230",44300000,"QPK1652"
"QPK1664-EtOH","2017/08/28 00:00:00","230",44580000,"QPK1664"
"QPK1664-bulk","2017/08/28 00:00:00","230",44580000,"QPK1664"
"QPK1670-EtOH","2017/09/14 00:00:00","230",45870000,"QPK1670"
"QPK1670-bulk","2017/09/14 00:00:00","230",45870000,"QPK1670"
"QPK1678-EtOH","2017/10/04 00:00:00","230",45260000,"QPK1678"
"QPK1678-bulk","2017/10/04 00:00:00","230",45260000,"QPK1678"
"QPK1696-EtOH","2017/10/23 00:00:00","230",44540000,"QPK1696"
"QPK1696-bulk","2017/10/23 00:00:00","230",44540000,"QPK1696"
"QPK1713-EtOH","2017/11/06 00:00:00","230",44570000,"QPK1713"
"QPK1713-bulk","2017/11/06 00:00:00","230",44570000,"QPK1713"
"QPK1727-EtOH","2017/11/23 00:00:00","230",NA,"QPK1727"
"QPK1727-bulk","2017/11/23 00:00:00","230",44410000,"QPK1727"
"QPK1737-bulk","2017/12/04 00:00:00","230",NA,"QPK1737"
"QPK962-EtOH","2017/01/13 00:00:00","230",42600000,"QPK962"
"QPK962-bulk","2017/01/13 00:00:00","230",42600000,"QPK962"
"QPK979-bulk","2017/01/05 00:00:00","230",43670000,"QPK979"
"QPK988-EtOH","2017/01/24 00:00:00","230",45900000,"QPK988"
